tipo,ene-13,feb-13,mar-13,abr-13,may-13,jun-13,jul-13,ago-13,sep-13,oct-13,nov-13,dic-13,ene-14,feb-14,mar-14,abr-14,may-14,jun-14,jul-14,ago-14,sep-14,oct-14,nov-14,dic-14,ene-15,feb-15,mar-15,abr-15,may-15,jun-15,jul-15,ago-15,sep-15,oct-15,nov-15,dic-15,ene-16,feb-16,mar-16,abr-16,may-16,jun-16,jul-16,ago-16,sep-16,oct-16,nov-16,dic-16,ene-17,feb-17,mar-17,abr-17,may-17,jun-17,jul-17,ago-17,sep-17,oct-17,nov-17,dic-17,ene-18,feb-18,mar-18,abr-18,may-18,jun-18,jul-18,ago-18,sep-18,oct-18,nov-18,dic-18,ene-19,feb-19,mar-19,abr-19,may-19,jun-19,jul-19,ago-19,sep-19,oct-19,nov-19,dic-19,ene-20,feb-20,mar-20,abr-20,may-20,jun-20,jul-20
"Índice nacional de precios productor. Base Julio 2019=100 (SCIAN 2013), Construcción, Materiales, alquiler de maquinaria y remuneraciones, Índice general",70.75313823,70.87345018,70.89703499,70.79808488,70.72355367,70.61017729,70.27480406,70.09106138,70.37439064,70.32726184,70.17901,70.25975356,71.13938894,71.45088129,72.02863557,72.1385944,72.32877685,72.68374281,73.01143142,72.99826755,73.2918132,73.29210599,73.25727158,73.39122539,74.29655513,74.74017717,74.70346029,74.86036122,75.1552401,75.37331627,75.68200592,76.30861777,76.31718558,76.62805384,76.65179453,76.60222159,77.1206424,77.57904448,78.05515333,78.18777403,78.96603894,79.91504252,80.76431574,81.29784163,81.56870133,82.16288723,82.26143444,83.27215037,85.60263277,87.7657004,88.50950543,88.61681079,88.94547275,88.96162808,89.0816745,89.26307769,89.47466532,89.74037742,89.87200852,89.85619821,91.85334838,92.91366025,93.71560243,94.96294461,96.04546612,97.2481723,98.02964506,98.33796159,98.84789932,98.72549481,99.0446465,99.09460793,99.71243424,99.8586676,99.69227575,99.66645565,99.97360383,100.219823,100,100.0544037,100.1507835,99.71361081,99.2565964,99.04226334,99.32524182,100.1932657,100.8701645,102.5335314,101.9374195,101.5844653,101.8719484
"Índice nacional de precios productor. Base Julio 2019=100 (SCIAN 2013), Construcción, Materiales, alquiler de maquinaria y remuneraciones, Índice general, Subíndice materiales de construcción",69.62746068,69.57432949,69.52552495,69.39047152,69.28538715,69.12582824,68.72963742,68.49883586,68.82644333,68.77116858,68.59036562,68.68755447,69.59784311,69.81518412,70.42886259,70.51314602,70.69863319,71.10080207,71.47114171,71.42868648,71.75703665,71.73298011,71.68497582,71.80572346,72.74894733,73.03814385,72.97761242,73.12351404,73.44610432,73.67537828,73.99581386,74.70977875,74.6864008,75.04724353,75.06007912,74.97572308,75.52878302,75.95990788,76.47539583,76.59640211,77.45851303,78.53158987,79.47248038,80.07930015,80.37008796,81.07476741,81.15629981,82.34064831,84.99828551,87.45852872,88.12724291,88.18035397,88.55105899,88.53559377,88.65565782,88.86409225,89.11138154,89.37149901,89.50076235,89.47664808,91.77506724,92.88103198,93.78781324,95.04473106,96.28228076,97.6807408,98.51627201,98.86625595,99.40638576,99.22653093,99.56849343,99.60233385,100.09062,100.2052724,99.85035724,99.80875763,100.0473458,100.3055413,100,99.94317327,100.0487423,99.51715388,98.97991329,98.71415314,98.87543725,99.61829132,100.3058114,102.1782394,101.4734939,101.0877261,101.4128697
"Índice nacional de precios productor. Base Julio 2019=100 (SCIAN 2013), Construcción, Materiales, alquiler de maquinaria y remuneraciones, Índice general, Subíndice materiales de construcción, 01. Minerales no metálicos, Arena",65.10779304,65.54554137,65.97532778,66.60699027,66.55075254,66.6360027,66.69491325,66.63895667,66.85658726,67.20929354,67.61086164,67.62764846,68.2053417,69.14209129,69.57224635,69.99788992,70.22712323,70.41156866,70.42258722,70.35711792,70.64361869,70.84342147,71.07964015,71.49295946,72.21366224,72.58303538,72.8353837,72.82519814,72.82825673,73.08048062,73.75124671,74.13564066,74.13068135,74.35113768,74.59946189,74.60132328,75.24862263,76.00732935,76.53374028,76.37522382,76.67229512,77.20363994,76.91937566,76.81603887,77.16396829,78.25950915,78.87553329,80.62278954,83.46501801,85.88361429,88.61326823,88.31860547,89.7303948,90.23621248,90.48068805,90.73745841,90.70145939,90.41840602,90.68478656,90.68199043,91.23304181,93.09463675,93.52001616,94.35543715,94.76591869,95.71895289,96.36103637,96.37676,96.19814945,96.36890992,96.68298879,96.86471867,97.51329599,98.15926777,99.11651248,99.83339314,99.77027097,100.1461681,100,100.2177935,100.971211,101.2896164,100.882951,100.8423755,101.2920212,102.3837759,102.6997904,102.9363955,102.8150307,102.8451218,103.2366817
"Índice nacional de precios productor. Base Julio 2019=100 (SCIAN 2013), Construcción, Materiales, alquiler de maquinaria y remuneraciones, Índice general, Subíndice materiales de construcción, 01. Minerales no metálicos, Grava",63.54554285,63.76571502,64.16731879,64.53200534,64.40988453,64.48985685,64.8826186,65.194262,65.44176231,65.90180661,66.25809465,66.11989018,67.57821769,68.21191646,68.70042503,69.17822356,69.48600079,69.69508727,69.78531696,69.892957,69.88824601,69.89727121,70.03798871,69.96872602,70.61815392,70.99626806,71.01005953,71.13443609,71.67837648,72.16572555,72.76675112,73.35787281,73.04934605,73.30994296,73.34287179,73.43053906,74.16546932,75.29137112,75.9325505,75.83688472,76.04812965,76.45362739,76.18857732,76.8981115,77.48953888,79.05470614,79.76167594,81.10956784,84.47183977,86.90898329,89.06423606,88.91439826,89.82974519,90.30167509,90.64449101,91.16499663,91.31182921,91.74445982,92.14988452,92.21476035,92.36967662,93.94172653,94.29929092,94.9909248,95.44072681,96.34702426,96.36767105,96.43965214,96.22730051,96.37141322,96.49845057,96.77152111,97.49631328,98.26235628,99.41204507,100.0446452,99.86248594,100.0167019,100,101.5692824,102.447791,102.1402944,101.8632011,101.6471956,102.09016,103.2261986,103.4418844,103.7557915,103.8187667,103.7486285,104.4128275
"Índice nacional de precios productor. Base Julio 2019=100 (SCIAN 2013), Construcción, Materiales, alquiler de maquinaria y remuneraciones, Índice general, Subíndice materiales de construcción, 01. Minerales no metálicos, Tezontle",75.51333998,75.55472707,75.70926051,75.83933442,75.50847673,75.706072,75.97917636,76.3693591,76.5279205,76.3964323,76.50362244,76.94866018,77.38779741,77.51594293,77.17622142,78.52904359,80.00191446,80.00191446,80.00191446,80.36216622,80.7100953,80.90465721,80.90465721,81.75757059,82.14434757,83.20083039,83.41226336,83.41226336,83.41226336,83.60682527,83.85067461,83.11743132,83.40067645,83.40067645,83.13101892,83.48697925,83.45843664,83.45843664,83.22392759,83.56244601,83.65768087,83.96514572,85.55029573,87.65653381,88.30423941,88.69268037,88.68729018,89.01089566,89.47987629,90.44883126,90.49717506,90.79196751,90.96483832,92.92794896,93.47843817,94.42019106,94.83308661,94.83308661,94.31514587,94.31514587,95.55192844,96.09443668,96.32451197,96.65945477,96.87350813,97.09518827,97.14285014,98.17590428,98.44395533,99.34830357,99.48288302,99.57439271,99.87165491,99.28025334,99.90304968,99.74415513,99.80886097,99.98234556,100,100.0064671,100.3161227,100.3102252,100.3365019,100.1832715,100.4899237,100.5441735,100.7345776,100.7345776,101.6661144,103.2662699,103.2662699
"Índice nacional de precios productor. Base Julio 2019=100 (SCIAN 2013), Construcción, Materiales, alquiler de maquinaria y remuneraciones, Índice general, Subíndice materiales de construcción, 01. Minerales no metálicos, Tepetate y jal",64.36768127,64.30587048,63.62387264,64.51330908,64.4902337,64.58548498,64.34566726,64.26901547,64.41989582,64.63074348,65.0319099,64.6766529,64.73616865,65.1762818,65.31444805,65.17179927,65.63222782,65.41295347,64.77836729,65.02954614,65.10446351,65.10501064,64.88252494,64.86568838,67.16126029,67.83222225,67.9231403,68.15858337,70.708086,70.67972571,74.23454662,75.55301959,75.43266294,75.47802754,75.97391772,76.99637068,78.22196899,78.76768205,79.16126698,79.05998398,79.87233575,80.92697944,82.31688461,84.53084339,84.80385122,84.9759124,85.14761847,85.03445359,84.86021306,85.19039609,86.7445521,87.05839213,87.562644,89.99254002,91.05454858,91.24118947,89.9719461,90.50256037,90.48471107,91.24437771,91.42239591,91.57092284,91.59278877,92.58476046,94.24834506,94.43545071,94.62649175,94.65266366,95.02127678,95.59680449,96.89528811,96.89528811,98.52068554,98.65996253,98.80569886,99.19025264,99.19025264,99.04521007,100,100.8016056,100.5526958,100.8995436,100.8995436,102.5408446,102.2545913,102.1678798,102.4175149,102.6252027,102.6252027,102.5642973,102.6638612
"Índice nacional de precios productor. Base Julio 2019=100 (SCIAN 2013), Construcción, Materiales, alquiler de maquinaria y remuneraciones, Índice general, Subíndice materiales de construcción, 01. Minerales no metálicos, Piedra",70.68876943,70.77927501,70.81864158,70.83217681,70.96049055,71.29531405,71.56874547,71.33291238,72.32688831,72.54633855,72.3808385,72.29470126,72.73875676,73.05712698,72.7663129,72.74162378,72.85460589,72.98130252,73.09403292,73.36613678,73.54862149,74.03158584,74.32881036,74.37266936,75.16876206,75.80225508,76.02575952,76.3817088,76.55577674,76.6810263,76.71222333,76.72839154,76.85914425,77.02238675,77.09905328,77.10325887,77.39704696,78.0743669,78.70995416,78.67777376,79.09554396,79.47681997,82.33230371,82.36839975,82.46744764,82.85502543,83.11382985,84.1395221,86.94315769,89.00573531,90.26724124,90.52494544,90.54595061,90.41477644,90.00191206,90.28281273,89.98082499,90.55436003,90.59567564,90.79587653,91.74887739,92.69548673,93.49700406,95.26789478,95.21468974,95.67806683,95.72355915,96.01388148,95.18408227,95.40899174,96.39873623,96.53934873,97.13258834,97.87331948,99.47068709,99.60740423,99.63363888,99.81884264,100,101.530647,102.7487855,103.0587483,102.9991029,102.7822744,104.1181505,105.35122,108.3089865,108.3868278,108.2412061,108.2477382,108.891492
"Índice nacional de precios productor. Base Julio 2019=100 (SCIAN 2013), Construcción, Materiales, alquiler de maquinaria y remuneraciones, Índice general, Subíndice materiales de construcción, 01. Minerales no metálicos, Polvo de piedra",72.50228706,72.96221048,72.85745905,73.05990028,73.2400991,73.52845321,73.55056222,73.83220528,73.80344235,73.74426613,74.59886369,74.92286661,75.80279967,75.99862473,76.95329486,76.87312898,77.13313016,77.16135619,76.84189427,77.01005516,77.00852174,77.13381425,77.07437214,77.38023992,78.31054254,78.75959754,79.27088862,79.84355104,79.759921,79.82621897,80.21164351,79.34801933,79.46388532,79.57006327,79.64834195,80.08633296,80.83079821,81.26020372,81.81219551,82.055311,82.26581492,83.1527023,84.25547329,84.63008928,85.38169232,86.0816073,86.22947707,86.39897123,87.71690181,89.34373497,89.69498042,89.83064155,90.53090921,89.90647539,90.60120022,91.62262943,91.21378564,91.8147031,92.29480128,92.37108971,93.00400753,93.34532389,93.73160308,94.21478002,94.42180939,95.49766415,95.98234676,95.56351604,95.98919024,96.10176899,97.38124214,97.37333697,99.15275059,98.4124268,98.71384098,99.11359977,99.4481479,99.83151406,100,102.621265,103.198491,103.9448767,104.0108202,104.055363,104.2903587,104.5519408,105.131598,105.7253181,106.2453507,107.105689,108.0403419
"Índice nacional de precios productor. Base Julio 2019=100 (SCIAN 2013), Construcción, Materiales, alquiler de maquinaria y remuneraciones, Índice general, Subíndice materiales de construcción, 02. Cemento y concreto, Cemento",66.27161128,65.841121,65.33558295,64.60976875,64.2223785,63.8600007,63.3338706,63.771611,63.6471526,62.89500775,62.05105256,62.3654002,64.31610112,64.08217563,65.47042821,65.42980944,65.21684277,67.25371878,67.12030108,67.47603829,67.40298861,67.29934135,67.75103087,67.73981984,68.3221946,68.05505717,68.2852826,69.3247919,69.99627225,71.3797622,72.14902209,72.34776312,73.39447985,74.4284668,75.04858985,75.48334282,77.50785639,79.24722975,80.71169116,82.35265005,82.65494717,82.6925364,85.86551846,86.6881782,86.93809351,88.98049187,89.09548439,89.79529504,94.27358322,95.41512826,95.16897266,94.98798716,96.01936623,95.92264281,96.72381985,96.81103908,95.61853555,96.8736244,96.29011593,95.89784875,98.72348587,99.47568653,99.06269664,98.78991794,99.94923047,100.4358215,100.48021,100.2838432,100.6707546,101.1085026,100.6977557,100.5046797,101.6574757,102.172201,102.0881751,101.3718885,100.9850118,100.8565422,100,99.72094891,99.38545907,99.10560087,99.30650904,99.02485007,99.26954039,100.4283557,100.2663866,101.4188795,101.3570571,100.4110529,101.0594585
"Índice nacional de precios productor. Base Julio 2019=100 (SCIAN 2013), Construcción, Materiales, alquiler de maquinaria y remuneraciones, Índice general, Subíndice materiales de construcción, 02. Cemento y concreto, Concreto premezclado",68.05136893,68.22407845,68.38000307,68.359188,68.4393259,68.43681165,68.50243218,68.57869459,68.59295021,68.65429482,68.74003169,68.93223599,69.84619391,70.17472746,70.66044085,70.9842547,70.88509999,70.80647553,71.03054145,71.23144449,71.35336798,71.26896233,71.0503475,71.14652025,72.10866264,72.89442131,73.08158031,73.77318289,74.08146766,74.15551069,74.7906028,76.88804585,76.95513116,76.97733958,77.34754198,77.60348629,78.54396103,79.56982195,80.15173404,80.42854502,80.60145169,80.59912417,81.39103167,82.07402616,82.62754371,82.90552668,82.92284572,83.02450994,85.81758697,89.66482594,89.87968683,90.31251477,90.49601699,90.50436507,91.94252533,93.63631795,93.7097671,93.80350032,93.74958913,93.72717792,95.14718716,96.118801,96.33528521,96.88341077,96.91833323,97.24616883,96.98618886,97.48479421,97.91404282,97.4954631,97.81640737,97.81640737,99.4843156,99.93501211,99.69385138,100.0000838,100.1212543,100.141333,100,100.535391,100.4804079,100.4179071,100.2260382,100.4189663,100.7065911,100.4400642,100.509502,100.9675711,101.0709153,101.0709153,100.9303806
"Índice nacional de precios productor. Base Julio 2019=100 (SCIAN 2013), Construcción, Materiales, alquiler de maquinaria y remuneraciones, Índice general, Subíndice materiales de construcción, 03. Aglutinantes",65.82947634,65.89564297,65.92238204,65.97047241,65.92972139,65.94824724,65.51479452,65.68211227,66.03339051,65.92007083,65.95702234,66.02736576,67.3941074,67.54626675,68.17930678,68.26392324,68.40804899,68.78864931,68.86174576,69.05777808,69.14160094,69.20690179,69.13388203,69.16333516,69.78777317,70.36460782,70.82556207,71.28001019,71.69744016,72.20527605,72.67950524,72.87217134,73.24288517,73.65136175,73.81629281,74.14708513,74.78949181,75.66944125,76.81344833,77.62946562,78.20708015,78.52705362,79.22719805,80.74672709,81.55753426,81.99890901,82.66499525,83.64380872,85.99375653,87.08391596,87.9866754,88.66474628,90.39032309,90.5799814,91.1904238,91.5053046,91.66559852,92.02375152,92.0544365,92.73286603,94.29418898,94.33285165,94.92201561,95.28046646,95.61601642,96.1066728,96.35515324,96.41363244,96.63115223,96.58638592,96.98560049,97.11106082,98.34248579,98.86393856,98.98049855,99.2373034,99.86232112,100.2469279,100,100.2759522,100.2195486,100.7310042,100.9048594,100.9483205,101.6881182,102.1315597,102.5756797,103.0426538,103.3729325,104.0281874,104.8335901
"Índice nacional de precios productor. Base Julio 2019=100 (SCIAN 2013), Construcción, Materiales, alquiler de maquinaria y remuneraciones, Índice general, Subíndice materiales de construcción, 03. Aglutinantes, Cal",63.56317381,63.50917521,63.45184952,63.69069423,63.68571503,63.79035116,64.08069048,64.22529993,64.46095473,64.35965691,64.14293436,64.02645792,65.19184359,65.25105955,66.0927079,65.99587041,66.03774893,66.36495198,66.39852118,66.48305264,66.49319172,66.42908387,66.36025326,66.40554626,67.1473989,67.98179195,68.83842588,69.1401937,69.5513618,70.3092979,70.73400159,71.06561028,71.04075127,71.55635281,71.74354427,72.23778186,72.77692771,73.36705325,74.38591454,74.90963256,75.46474352,75.98766098,76.10410084,77.45103804,79.08566337,79.12687032,79.60658514,80.67998808,82.6703728,83.345409,84.93646714,86.29205266,87.32690449,87.3201709,87.88957355,88.23194388,88.34182691,89.76269703,90.46027421,92.00898911,93.56576715,93.62083406,93.72344001,93.91037189,93.96910078,94.74952993,94.92616797,94.95606238,94.71763936,94.68265639,95.04979811,95.72920833,97.0763444,98.12022711,97.80334291,98.43969019,99.45262619,99.90936095,100,99.47246209,98.73094023,98.88031625,98.64095238,98.5856464,98.88441363,99.35842057,99.99729111,99.94113437,99.99347805,100.9820024,101.7525628
"Índice nacional de precios productor. Base Julio 2019=100 (SCIAN 2013), Construcción, Materiales, alquiler de maquinaria y remuneraciones, Índice general, Subíndice materiales de construcción, 03. Aglutinantes, Pegazulejo",67.34966675,67.84493396,68.1999674,68.20444471,68.26269892,68.12089208,66.4572595,66.02072256,66.28993334,66.28954682,66.30454939,66.06938231,66.96603002,67.71074234,68.4092219,68.65285191,69.13365061,69.36760154,69.81895343,70.32043791,70.64304522,70.75796861,70.60321032,70.4391825,70.78107099,71.35817237,72.00656478,72.83423618,73.2392112,73.61060672,73.91359648,74.20880883,74.56621698,74.78614183,74.73687031,75.05941472,75.51154886,77.04752114,78.02483166,78.86146246,79.4021346,79.35174163,79.85345656,81.65851433,83.18171762,83.35755946,83.84948942,84.26481672,85.02359105,86.95823739,88.64784859,89.32334443,90.45468798,90.70587144,91.25161339,91.20402021,91.91609307,91.91468179,91.73914961,92.14631087,92.79000568,92.51314818,94.41190694,96.0043838,96.16860264,96.35702561,96.92742086,97.18235597,97.24343943,96.93088293,96.97302254,97.09344052,97.55761536,97.65524053,97.60393088,98.80291971,99.46083609,99.78260183,100,100.6378057,100.9970488,100.8237425,100.9474395,100.8093377,102.376925,101.941381,102.8097837,102.5913516,102.6613034,104.2886371,105.5367564
"Índice nacional de precios productor. Base Julio 2019=100 (SCIAN 2013), Construcción, Materiales, alquiler de maquinaria y remuneraciones, Índice general, Subíndice materiales de construcción, 03. Aglutinantes, Yeso",70.54654139,70.65036927,70.94657282,71.02666941,71.04003146,71.11895714,70.15214506,70.31720371,71.40793794,71.36922162,71.70951877,72.1554014,73.20789098,72.84109537,72.9591019,73.14765973,73.31229013,73.81653581,73.89286926,74.05373009,74.21020429,74.13937654,74.2077903,74.33174769,74.99916479,75.69095528,75.73929959,76.17157384,76.19428456,76.49065565,76.80040958,76.82358896,76.98063611,77.22539796,77.19100977,77.39985953,77.73671958,78.31086488,78.65398331,78.75971605,79.35193059,79.49624325,79.77926385,80.72093978,81.25936861,82.05721207,82.59256583,83.30917642,84.43783696,85.46313833,85.9544657,86.19064168,88.37516425,88.34391578,88.20070403,88.41735505,89.57198844,89.75107597,89.88831265,90.15594108,90.49242744,90.62053929,91.58240247,92.07193863,92.80390854,93.29314403,93.88485302,93.98422204,94.30443788,94.34620165,94.86757054,94.86721977,97.04266272,97.78545484,98.73130261,98.57577386,99.40999575,99.91437008,100,100.5494903,100.9723774,100.7290134,100.8446325,101.5010856,102.5653583,103.8153649,104.1292501,104.8117461,105.9265281,106.6525223,107.296885
"Índice nacional de precios productor. Base Julio 2019=100 (SCIAN 2013), Construcción, Materiales, alquiler de maquinaria y remuneraciones, Índice general, Subíndice materiales de construcción, 03. Aglutinantes, Mortero",63.82448489,63.73836716,63.44802216,63.27188984,63.08478151,63.05226576,62.94476614,63.51298037,63.46393196,63.20748114,63.31697638,63.49819154,65.64268664,65.95198541,66.70723177,66.82588345,66.86713836,67.30303873,67.18715536,67.35475985,67.32081699,67.61681598,67.47681858,67.53169089,68.15723725,68.33784217,68.54308248,68.96571297,69.71194238,70.17607426,70.94517283,71.04495589,72.06166638,72.5897565,73.01880868,73.25824064,74.38294047,75.44441393,77.47575827,79.18938731,79.80479318,80.25259382,82.0971213,84.10408773,83.71762285,84.51278111,85.61061051,87.03326572,91.76009348,92.87233671,92.80276838,93.0321097,95.57638539,96.13602801,97.4338924,98.01776395,97.10728269,96.57216672,95.85632799,95.99889191,99.10472028,99.24738118,99.30867036,99.00515595,99.45874423,99.79402484,99.65626829,99.59496405,100.3666931,100.4066555,100.9668409,100.5400582,101.3572676,101.3460126,101.4197346,100.9744463,100.9539919,101.1968174,100,100.4655404,100.2786734,102.3138349,102.948568,102.733992,102.900577,103.404598,103.4198158,104.7625023,104.9222394,104.3944631,104.9864105
"Índice nacional de precios productor. Base Julio 2019=100 (SCIAN 2013), Construcción, Materiales, alquiler de maquinaria y remuneraciones, Índice general, Subíndice materiales de construcción, 04. Artículos a base de arcilla, Ladrillos y tabiques",67.76848172,67.85641156,68.00341596,68.2938439,68.63615241,68.91790403,68.98630084,68.98871485,69.37228984,70.03015559,69.97022261,70.35721142,70.75878473,70.85057192,70.87290381,70.51232254,70.94563194,71.11184417,71.15702437,71.33667513,71.53664421,72.08696244,72.26808412,72.46142599,72.96521681,73.40989882,73.62669514,73.79888364,74.45249723,74.98568991,75.52794756,75.86520702,76.36918908,77.37015124,77.51557585,77.85121913,78.99290876,78.95952766,79.48529962,80.10760684,80.45187961,81.54506654,81.49055165,82.03908289,83.10540287,83.49914091,83.77236309,84.1740467,85.9194981,88.47738646,88.94318693,89.37622561,89.87036615,89.91294826,90.59364845,90.72554745,91.87387203,91.97439712,91.93339864,92.17057381,93.85764988,94.20585494,94.27249597,94.51357778,95.07197404,95.81307186,96.63874883,97.04389502,97.13900459,97.81763367,98.14057866,98.30114536,99.07672297,99.22094098,99.28129821,99.44863212,99.57538793,99.82234882,100,100.3729959,99.85812618,100.31479,100.3877226,100.8355593,101.2779203,102.31025,102.5767866,103.116936,103.8580006,104.1461476,104.0436601
"Índice nacional de precios productor. Base Julio 2019=100 (SCIAN 2013), Construcción, Materiales, alquiler de maquinaria y remuneraciones, Índice general, Subíndice materiales de construcción, 04. Artículos a base de arcilla, Azulejos",73.64981933,73.79117797,74.00446263,73.6314534,74.19061122,74.01203204,74.08728004,74.18483166,74.08447298,74.55202739,74.36832822,74.65799259,74.97224973,75.17399453,75.66697161,75.53679612,75.9623702,75.91721503,75.98076281,76.10479099,76.14120654,76.11380736,76.03239598,76.35708797,76.65570899,77.28832823,77.64116525,77.51311788,77.51235027,76.95968264,77.51384737,77.829098,77.44939977,78.25196475,79.71993639,79.9529244,79.65512566,80.29620408,80.93450443,81.50738338,81.98103081,83.69868575,83.88251578,85.38742021,86.12086355,86.76299137,87.35434375,87.43163496,88.35284231,90.13761829,91.38525977,91.96218989,92.53117448,93.60396356,93.56447368,93.70075264,93.71560539,93.23883142,91.99426412,93.30402581,93.36422445,95.06761911,95.58401797,94.28066567,94.35320764,95.43277047,94.34250648,94.50966185,94.64857462,96.08807029,95.56495251,96.02760311,97.54546391,99.0036696,100.7721095,101.2655515,100.2934565,100.1629202,100,100.2157531,100.2512413,101.0577691,101.0137686,101.564243,102.2520634,102.4228292,102.9384892,103.0129643,103.389988,103.3346742,105.0711972
"Índice nacional de precios productor. Base Julio 2019=100 (SCIAN 2013), Construcción, Materiales, alquiler de maquinaria y remuneraciones, Índice general, Subíndice materiales de construcción, 04. Artículos a base de arcilla, Loseta de cerámica y esmaltada",75.688854,75.82963012,76.22679781,76.37264036,76.29631454,75.91474828,75.30159546,75.50474459,75.56609582,75.97443862,75.62528234,76.17822281,76.50748413,76.64435171,76.44590671,75.99532001,76.38980027,76.8713078,76.46999194,76.29826825,76.39212002,76.26585314,76.29469463,76.40653852,76.67744487,78.99932489,79.51574943,79.56335312,80.0378998,79.96722917,80.52258558,80.7796582,81.57350288,81.20161274,81.78184277,81.96348418,82.15904216,81.96871584,82.58973362,82.92975397,82.95915207,83.87287596,84.07917014,85.36223964,85.77066725,86.80664356,87.25809723,87.01683855,88.07310157,90.24070312,92.26973344,93.16258252,93.70192548,94.00814354,94.0422296,94.11872371,94.3729477,94.27533581,92.76217389,92.98940181,93.461445,95.02914963,95.48187461,95.51858325,95.9874382,96.47328138,95.62566899,95.71006835,94.93979548,96.88480659,95.61730352,95.92055873,96.50255717,97.62592845,100.173552,100.3950356,99.89320728,99.67220727,100,101.3576814,101.455596,101.1677014,100.5590578,100.3472061,100.2670728,100.3785285,101.4663328,101.0325113,101.9391536,102.5416145,102.7026961
"Índice nacional de precios productor. Base Julio 2019=100 (SCIAN 2013), Construcción, Materiales, alquiler de maquinaria y remuneraciones, Índice general, Subíndice materiales de construcción, 05. Productos a base de concreto, Bloques, tabiques y tabicones de concreto",65.35665119,65.30892059,65.50280635,65.84944227,65.88138774,65.94800683,65.52171603,65.5583312,66.0540199,66.16769014,66.14595113,66.25519939,66.80007162,67.14448697,67.33137213,67.5349074,67.65359916,67.87474417,67.89375467,67.93902143,68.24373048,68.36622448,68.32562131,68.33427015,68.88309667,69.72222638,69.9778568,70.07798968,70.21330923,70.47315591,70.81066927,71.57760399,71.94853087,73.17308808,73.4159331,73.78497663,74.50450479,75.60269748,76.25192113,76.66403315,77.24213952,78.27108368,78.88369027,79.42506268,79.96991797,80.46870799,81.02698526,81.28254922,84.25455098,88.58840334,89.35976152,89.68656607,90.01144508,90.14654109,90.92979759,91.04202129,91.35953831,91.80698993,91.82165245,92.09297838,92.85811356,93.33600719,94.24212324,94.80577119,95.01406483,95.40186775,96.7933351,96.73215815,97.03438053,97.99234451,97.85266656,97.71105702,97.96284051,98.57268047,99.0621553,99.30405841,99.68081594,100.2748526,100,99.9202273,99.95464367,99.89672547,100.2940738,100.6282626,100.8591701,101.9536637,102.3487401,102.867345,103.8444606,103.6181184,103.8813122
"Índice nacional de precios productor. Base Julio 2019=100 (SCIAN 2013), Construcción, Materiales, alquiler de maquinaria y remuneraciones, Índice general, Subíndice materiales de construcción, 05. Productos a base de concreto, Tubos de concreto",69.45967853,69.41068195,69.41167325,70.01934035,70.30576488,70.14633364,70.22042663,70.39496318,70.52086285,70.65362329,71.09912104,71.16668597,71.95392221,72.55525691,72.7709553,72.74804778,72.95367416,73.1381474,73.40476584,73.5491066,73.78465884,73.88478518,73.93020745,73.79925153,74.42261202,75.54807037,75.69225444,75.68930012,75.95163518,76.16405469,76.32959712,76.53008825,76.60344627,76.67287458,76.66644072,76.9541273,77.69972197,78.36894706,78.88470839,79.06326318,79.13832868,79.39198661,79.84144683,79.99271624,81.02859943,81.55648522,81.97936643,82.09897565,84.07328667,86.18111471,86.91381362,87.94075223,88.65632098,88.79345748,88.82805232,88.39994016,88.99542413,88.95283621,89.59630992,89.48060222,89.71731207,91.65494833,93.33993441,93.81277156,94.45045006,95.26881717,95.37270991,95.47490163,95.49073642,95.38349976,95.72939451,96.65831059,98.23681557,98.14953446,98.52722182,98.85861781,100.248558,100.1734991,100,99.95760979,99.91863739,99.97978682,100.0579419,99.94673144,100.9252756,102.2877577,103.7523371,104.1155355,104.9511087,105.01783,105.6072275
"Índice nacional de precios productor. Base Julio 2019=100 (SCIAN 2013), Construcción, Materiales, alquiler de maquinaria y remuneraciones, Índice general, Subíndice materiales de construcción, 06. Partes estructurales de concreto, Trabes, vigas y bovedilla de concreto",70.71188689,70.80348103,71.04376051,71.28147458,71.26250332,71.29688203,71.49536675,71.62568615,71.65838699,71.76072533,71.56825375,71.63179171,72.17151348,72.77635993,72.94265907,73.02309339,73.19339148,73.36777039,73.48976013,73.6827339,73.39806725,73.50100768,73.55697344,73.67444983,74.21035585,74.96214108,75.10739745,75.30889706,75.821542,75.88276549,76.61631422,76.73000807,77.15580764,78.24833108,78.50642326,78.5922898,78.45266573,79.32677587,80.00601597,80.01695432,80.01385481,80.61983262,81.36534013,81.83048574,82.09753644,82.22147477,82.50309649,82.79996984,84.48058112,88.67841347,90.77242231,91.20274477,91.2450999,91.21340139,91.52098465,91.43761463,91.8447096,91.69012372,91.69925775,91.85245335,92.41178285,92.84864705,93.94887165,95.20228325,95.37197974,95.85164885,97.43419095,97.93105235,98.02773256,98.24564676,98.48242766,98.48592723,99.26017606,99.57496844,99.74192282,100.2535205,100.4719392,101.0545639,100,99.89682017,99.47205336,99.47153053,99.63880542,99.57877235,99.62054878,99.92032322,100.2835715,101.5699343,101.8974517,101.9073939,102.0666051
"Índice nacional de precios productor. Base Julio 2019=100 (SCIAN 2013), Construcción, Materiales, alquiler de maquinaria y remuneraciones, Índice general, Subíndice materiales de construcción, 07. Otros productos de concreto, Otros productos de concreto",71.05446099,71.04427775,71.14506481,71.01174423,70.99590943,71.08429805,71.09059044,71.05997075,71.20759093,71.08536618,70.95301633,71.03874051,72.06654309,72.28827576,72.28362144,72.77202312,73.73113734,74.09401904,74.16367199,74.61800832,75.01989721,75.05774114,75.09265666,74.68570445,75.4956137,75.76303005,75.82118288,76.34626144,76.80293825,76.75150925,76.89614984,76.91755625,76.95445128,77.05280835,77.12251727,77.12486477,77.24051984,77.38741867,77.87478178,78.36520896,79.10127792,79.32358347,79.62667009,80.1570134,80.45207039,80.48076872,80.50101354,80.63940393,82.28206786,83.16599475,83.46339556,83.72216261,85.08559961,86.39445715,86.95812216,88.23423085,88.7038982,88.54408801,88.80321894,88.96672618,89.59691244,90.09911701,91.26289862,91.54137674,91.62182668,92.32065987,92.94618038,93.01452371,93.03978889,92.60613291,92.67347375,94.16705921,94.69140361,97.11678265,97.55852403,98.23269591,99.25127314,99.4911107,100,99.89558033,99.86372432,100.0944229,100.1233584,100.0778109,100.2614599,100.952154,101.4641216,101.3117162,101.2261402,102.691093,103.6662873
"Índice nacional de precios productor. Base Julio 2019=100 (SCIAN 2013), Construcción, Materiales, alquiler de maquinaria y remuneraciones, Índice general, Subíndice materiales de construcción, 08. Otros artículos a base de minerales no metálicos, Plafones y paneles a base de yeso y similares",76.44169336,76.5914568,75.84543175,75.56518803,75.64429743,76.16297978,75.61474764,75.94255936,75.92454941,75.15890084,74.9942096,74.7634853,75.90249381,75.11284719,75.61154107,76.98647316,77.45699358,77.45393905,77.72586759,77.7278296,77.39575514,77.42289573,77.3877946,77.40513115,77.59293529,77.84626033,79.48568578,80.41355105,80.28511939,80.48752546,80.66131714,80.92973151,81.30590765,81.57926164,81.35448208,81.2405851,81.86058202,83.6838759,84.34499206,83.36265053,83.65260493,83.56266133,83.80113908,84.2328226,83.77960349,84.30896579,84.94812815,86.15745059,89.60400249,91.542687,93.11805287,94.08098177,94.45400122,94.82969827,94.68789976,94.63581751,94.64717897,94.21555946,93.38436847,93.92903422,95.06743911,95.17833268,95.81325166,96.17638807,96.60618878,96.95601064,97.1758282,96.93983375,96.55532247,97.602497,98.13623421,98.61868246,99.53155273,99.80269905,100.0081784,99.8808861,99.67357735,100.0818204,100,100.2067186,100.2228796,100.5607415,100.725742,101.0190765,103.0877489,102.2748577,102.2699465,102.4780078,102.8153202,103.5541595,104.8549183
"Índice nacional de precios productor. Base Julio 2019=100 (SCIAN 2013), Construcción, Materiales, alquiler de maquinaria y remuneraciones, Índice general, Subíndice materiales de construcción, 09. Productos de madera, Triplay",74.32086795,74.60421597,75.01557541,74.45291015,74.00603299,74.31393976,74.14656788,73.96243018,73.81042662,73.75581678,73.90906463,73.83714309,73.90728321,74.3161062,74.56527186,74.82652009,74.80353075,74.87140026,74.69588607,74.87005067,75.00800011,75.10751822,75.25089636,75.4184169,77.05719606,78.01672623,78.55889084,79.53035606,79.95217347,80.52745851,80.26347714,80.43093095,81.58610426,81.72617394,81.20894099,80.7136488,81.30174074,82.39740967,81.87450939,81.75027475,80.98855351,81.45392357,82.06253706,82.08538368,82.43671831,82.92400296,83.53791489,84.44986114,86.47318395,88.89399104,89.64220033,89.21772589,89.91872883,90.10636517,90.13133412,89.95758287,90.3611622,90.6404511,91.24473297,91.56061354,93.93333012,94.15682288,95.16101805,95.28737383,96.50715009,97.66823838,99.23296479,99.79996035,100.1487911,100.1102931,100.4609108,101.4119341,101.777678,101.4998255,101.0080774,100.7456067,100.5170475,100.1663172,100,99.94898777,100.2646477,99.83116136,99.6313184,99.69508482,99.14147789,98.52999209,99.09167857,101.6139735,101.6371953,102.7416933,102.7152658
"Índice nacional de precios productor. Base Julio 2019=100 (SCIAN 2013), Construcción, Materiales, alquiler de maquinaria y remuneraciones, Índice general, Subíndice materiales de construcción, 09. Productos de madera, Madera para estructuras",71.55607718,71.57137135,71.90364239,72.22074667,72.12275274,72.00702322,72.07485959,72.47261272,72.50269139,72.4975285,72.44144781,72.57995665,72.95856786,73.24651898,73.442276,73.79912728,73.84928141,74.18185006,74.68145907,74.96318897,74.75857515,74.73132225,74.88611984,74.95369079,75.87073598,76.60519947,76.97860741,77.48514838,77.53487541,77.45618195,77.7352255,78.43329164,78.7026403,79.05684019,78.85731566,79.37301985,79.68988362,82.23096791,82.55296627,82.74567928,83.30273178,83.80157223,84.33961534,84.55356774,84.67580877,84.76596242,85.17005659,86.02039567,88.48466639,90.04821287,91.0042193,91.55645249,91.96172947,92.21353937,92.7004679,92.88512615,93.1331354,93.54233776,93.98704246,93.99124672,94.96445536,95.24450273,96.02991191,96.64347641,97.25050383,97.58938564,98.22893406,97.26286009,97.82722107,97.9300143,98.0363638,98.82613492,98.8151456,99.49510232,100.1324099,99.95954462,99.89599988,100.1089028,100,100.1061512,100.4488893,100.3282604,100.3794776,100.5644053,100.151496,100.3968076,100.7153313,102.1174004,102.3073548,103.3737116,104.4781183
"Índice nacional de precios productor. Base Julio 2019=100 (SCIAN 2013), Construcción, Materiales, alquiler de maquinaria y remuneraciones, Índice general, Subíndice materiales de construcción, 09. Productos de madera, Puertas, ventanas y closets",70.23694805,70.4058445,70.54122886,70.89201721,71.12551525,71.11286191,72.05454218,72.04610036,72.08397268,72.10012594,72.21138689,72.22651234,72.50247149,72.74273833,72.42105535,72.1992079,72.26910478,72.16106478,72.89762471,73.02964179,73.07479951,73.03225362,72.89140157,72.43724976,73.83971042,74.07573879,74.78022023,75.48989598,75.8292248,75.78161109,76.01638574,76.41599242,77.0209187,76.71631053,77.51883177,78.10475198,78.42958189,79.97933229,80.37070029,80.97006463,81.50156643,82.33488426,81.79931265,81.82961004,82.72944569,83.63976143,84.06666508,84.78703594,86.64741691,88.43255549,88.98606759,88.82370429,88.96325186,89.72378969,89.29427252,89.60424431,90.0453663,90.0182024,90.54685924,90.94939295,91.65565593,91.72253381,92.85496132,92.52621705,92.82270202,93.49093324,93.88268331,94.70224178,94.59422632,94.8898956,96.33556174,97.89807312,98.63382125,98.92438064,98.38632845,98.44065189,98.42913084,99.92494245,100,100.1542876,100.2455166,100.9935041,100.7320286,100.6201995,101.5441735,102.8566128,103.48209,104.9724251,105.9156707,106.1031255,106.3361626
"Índice nacional de precios productor. Base Julio 2019=100 (SCIAN 2013), Construcción, Materiales, alquiler de maquinaria y remuneraciones, Índice general, Subíndice materiales de construcción, 09. Productos de madera, Molduras y pisos de madera",73.00802071,73.07618911,73.13693352,73.63502769,73.43037215,73.47545873,72.98036607,73.59863901,73.53620702,73.55144573,73.45963983,73.64840203,74.46593861,74.48075763,74.94461952,75.98171003,76.27127275,76.9691411,77.09134576,77.04313656,77.07585164,77.38451224,77.44344739,76.51980489,77.56924248,78.8619424,79.63011973,80.4765823,80.60542653,81.06710442,80.87134545,81.24389622,82.30733314,82.74634522,82.69732831,83.0108557,83.46925135,84.268119,85.09181903,85.43846845,85.66153506,85.85373702,87.55515776,88.69560616,89.04432633,89.81425015,90.24385031,90.58065868,92.23222895,94.20879141,94.90037786,94.03271328,93.97275044,93.31643435,93.419526,93.69440665,94.16166336,94.60577709,95.05024524,94.67169065,95.65007814,95.68513133,96.01696946,96.2103241,96.55398172,97.04967181,97.56512394,97.64886029,97.51918035,97.60251994,98.33211143,98.17453758,97.72448855,98.59735305,98.61491379,99.14874645,99.89408373,99.77376078,100,100.2947614,100.614431,100.6650018,101.0918923,101.2267465,101.2989983,101.4529929,102.3875831,102.7324857,102.990489,103.4597966,105.7133263
"Índice nacional de precios productor. Base Julio 2019=100 (SCIAN 2013), Construcción, Materiales, alquiler de maquinaria y remuneraciones, Índice general, Subíndice materiales de construcción, 10. Pinturas y similares, Pinturas vinílicas",69.66691198,71.31459141,70.90299839,68.68650652,71.10851583,72.15198778,71.97820379,72.31048426,70.60639075,72.03572864,70.8657686,70.43631605,72.37574512,72.45426458,71.78222835,70.45176117,72.63291699,72.78381365,72.04814126,71.42770005,71.80084603,72.45193658,69.84707972,69.63728717,71.73510805,72.86337788,72.17265738,71.69182625,73.27790402,73.95684363,74.28096655,74.36947631,74.72461239,77.45794939,75.89683159,75.47931042,77.79761166,79.05376323,77.85262646,78.0089796,79.5753446,79.53848266,78.93307362,79.18250969,78.86878546,79.18287782,77.25759001,77.33070477,81.14849754,83.3965363,84.09043623,82.12864657,85.41651,85.55668444,85.60392576,85.35681391,86.50290989,85.7303803,83.97506684,83.41860577,87.2691745,90.08180569,89.43075709,91.60369872,92.52214332,92.65628769,92.46758393,93.01432637,94.79231016,93.79861565,89.84721269,89.75525414,96.56743352,98.9637273,99.22674963,97.55694857,99.39806538,99.56964202,100,100.5335655,100.1051251,100.2263655,96.49138241,96.37079964,102.0473517,103.5823915,102.3678854,99.51482835,107.400123,108.1422875,108.2909011
"Índice nacional de precios productor. Base Julio 2019=100 (SCIAN 2013), Construcción, Materiales, alquiler de maquinaria y remuneraciones, Índice general, Subíndice materiales de construcción, 10. Pinturas y similares, Otras pinturas y solventes",73.09262273,73.94044679,73.92423324,72.13485536,74.05120937,75.32465805,75.02285353,75.26689387,72.99865731,74.81378347,73.99671006,72.90290739,75.85762305,75.70128238,75.77882737,74.73521032,76.4975712,77.15104887,76.60729625,74.86114031,77.07236873,77.51553081,75.82800373,74.7480047,77.94788887,78.80383618,77.87520106,78.01767581,81.00988135,81.04597978,81.31789755,81.2080383,81.18118493,84.84635484,84.44625911,83.8517056,84.72611803,86.81188447,84.78045518,84.91302434,85.95323497,86.97846734,86.42842692,86.83691995,88.42350465,89.15977336,84.89091838,85.4984986,87.28957584,89.84103067,90.17028004,88.24743603,92.03355477,91.89746797,90.4567525,90.29949416,91.57994253,89.90056206,87.27975133,87.40506155,91.15371877,93.21719,90.83172356,93.40177406,94.42893995,95.09047269,93.55404338,93.90655795,96.54318713,95.69529209,91.22666677,90.84386937,97.30268169,99.4165968,100.0566518,95.53805419,99.88442928,100.4469683,100,99.40280724,101.0756783,101.0672883,96.60971985,98.18508858,103.8877556,105.4163623,102.6715289,100.6756481,106.1799348,107.9359113,107.4842411
"Índice nacional de precios productor. Base Julio 2019=100 (SCIAN 2013), Construcción, Materiales, alquiler de maquinaria y remuneraciones, Índice general, Subíndice materiales de construcción, 10. Pinturas y similares, Impermeabilizantes",76.4484952,77.89035817,78.648191,78.62958582,74.82745327,72.32629239,71.45686503,71.02780482,78.05910676,78.4052174,78.25213574,78.49114502,79.05170004,79.49433233,79.84531262,79.4499826,75.4916752,72.04373845,71.15313614,71.4401757,76.95141757,77.79972801,78.59251084,79.05287609,80.09754238,81.51094556,81.15509777,80.26546117,76.9670028,74.41639787,73.47129508,73.17464935,77.2240014,79.63264564,81.52705812,80.51152355,81.44485784,84.19988072,85.05637054,83.16906184,80.00081003,78.06120163,78.33014656,82.75395447,85.86669855,85.62607242,85.81860712,85.77277573,87.90277464,91.56799827,92.75987275,92.34769489,87.73166848,85.8936945,86.16127393,89.47031664,93.40863492,93.70495183,93.78666028,94.25525517,95.82710965,98.50759008,99.36103869,94.95524487,91.47376173,91.52965013,93.4508408,97.532226,100.6643666,101.3275244,101.6815873,102.2197198,104.2064406,106.6872262,107.7540133,108.9800399,102.0602487,100.2305738,100,106.1846902,107.7020665,107.382527,107.1300736,107.7586835,111.4196074,114.2596869,115.5303036,113.5935475,110.7910809,110.3359347,112.9261155
"Índice nacional de precios productor. Base Julio 2019=100 (SCIAN 2013), Construcción, Materiales, alquiler de maquinaria y remuneraciones, Índice general, Subíndice materiales de construcción, 11. Productos de plástico, Tubos de plástico",73.67628794,73.68074711,73.75610341,73.58239115,73.23665363,73.13646305,73.0429347,72.84132499,72.56103288,72.60145726,73.51696779,72.88029926,73.71501794,74.65353152,75.75248913,76.19006162,76.68511851,76.67309791,76.27177903,76.27720443,76.6097257,76.32587912,75.75751086,75.79352251,76.6965711,77.62301134,78.37933913,79.08135656,79.75806882,80.55200257,80.28677935,81.26212602,82.25374615,82.45081721,82.86623027,83.16756925,83.61904466,84.43396472,84.48533201,84.70763167,85.3816803,86.39393204,87.01703901,87.28637915,87.26169654,87.49159414,87.92295938,88.88044779,90.69603231,92.67780851,94.98101488,95.78557592,95.34967081,95.24762765,95.65955836,95.07823703,95.04408946,94.94694802,94.66167863,94.81217069,96.13976091,97.61473975,97.86615564,97.86363541,98.38885626,98.65442467,99.3652667,99.35948871,99.39620203,100.0078359,98.98312679,99.18379855,99.58865808,99.37435391,100.3336258,100.5327024,100.5713237,100.3925145,100,100.0995607,100.1722797,99.73344544,99.68163994,99.2603846,99.2057405,99.779674,100.4359549,102.6451867,104.1764462,105.8836356,106.4879046
"Índice nacional de precios productor. Base Julio 2019=100 (SCIAN 2013), Construcción, Materiales, alquiler de maquinaria y remuneraciones, Índice general, Subíndice materiales de construcción, 11. Productos de plástico, Conduit de pvc y otros productos de plástico",73.4457503,73.45098814,72.98219439,73.45649001,73.64403338,73.40274855,73.40169056,73.50934669,73.04166563,72.97582321,73.3478486,73.22720625,74.1413023,75.33231166,75.80281015,75.75857816,75.72571785,75.77440531,75.82970416,76.00637173,75.88639168,75.73891759,75.43476529,75.43233796,76.49434734,77.11588652,77.42343018,77.79100463,78.60120173,78.5139437,78.83287665,79.00624255,79.89065048,79.96901832,80.19524466,80.05923176,80.17573273,80.60428669,80.65339696,80.25297691,80.13148632,80.07142543,80.90694362,81.88582512,81.1299054,81.67596587,82.60585509,83.29902884,85.8966751,90.07656424,91.17092091,92.31837248,91.38908562,91.0679618,90.99656764,90.8344246,90.96288291,91.52646089,91.59458716,91.51847198,92.47535523,92.89984552,93.64888865,94.76454928,95.07571228,95.97333404,96.59092007,97.63315517,98.70020541,98.81998747,99.1821871,98.58336391,98.7176954,98.77248183,98.76201248,98.95209901,99.21931878,99.24937378,100,100.4413633,100.7284946,100.6602322,100.7231214,101.5560781,102.2404268,102.573323,102.8611928,105.9474056,107.3108789,107.5666359,107.8480396
"Índice nacional de precios productor. Base Julio 2019=100 (SCIAN 2013), Construcción, Materiales, alquiler de maquinaria y remuneraciones, Índice general, Subíndice materiales de construcción, 12. Otros productos químicos, Mezcla asfáltica",82.65624425,82.82503935,82.55828748,82.35372796,82.36141591,82.22981498,81.54521521,81.2822769,81.96412986,81.79390269,81.36443786,81.22326306,81.85460331,82.05530304,83.07833555,83.49329847,83.53467948,83.8130227,84.21240693,83.66414633,84.53328477,85.225474,85.37379484,85.31940785,85.87464347,86.20245043,85.53991212,85.0923856,85.12690858,84.83514347,84.68659203,85.01162211,84.20954644,84.04342485,83.98049676,83.6110268,82.9633005,82.63920141,82.45251641,81.7417909,80.57969521,80.50580623,80.90644117,80.34237302,80.2983329,80.59237644,80.70229158,80.9978273,83.15394072,84.63022064,84.94954958,84.98845442,85.16702233,84.81310313,84.6756055,84.54427061,84.62195053,85.05492066,85.3591526,85.60784255,87.45869,87.93095374,88.55751854,88.85779338,89.08039223,92.79785055,94.09102013,95.11410062,97.44869556,98.11014376,100.0159172,99.80491596,99.52940657,99.64132741,99.39649668,99.9314424,98.46667298,98.90718019,100,99.95669325,100.4541315,101.0119698,101.5709502,101.3007695,100.9062491,100.8307378,101.2149744,104.5930338,100.7949561,99.24161736,98.93584672
"Índice nacional de precios productor. Base Julio 2019=100 (SCIAN 2013), Construcción, Materiales, alquiler de maquinaria y remuneraciones, Índice general, Subíndice materiales de construcción, 12. Otros productos químicos, Asfalto y otros productos químicos",74.98516546,74.97165343,75.01808286,74.61800516,74.38745823,74.00279714,71.41191102,68.53018932,71.98038229,71.01930393,69.53429403,70.76241787,72.32935674,71.66119849,73.917221,73.95093399,75.40256662,75.98266591,80.76321131,78.79101469,82.5073958,81.80041712,80.95255894,81.2832788,84.39948617,81.92543119,78.1925055,75.41528436,74.96993101,74.05148549,72.60493677,74.0511952,69.34304423,68.94792919,67.0418024,63.51039357,62.12786,56.87425157,56.86368281,53.40298857,51.4938859,51.57841324,51.81887477,52.57892086,52.47566128,54.04809266,51.11027552,55.9293102,56.85250204,60.65744077,61.24911604,62.17710958,62.44655992,61.62766634,59.83854224,58.74322873,59.81469844,60.07883775,63.34395231,61.19515607,67.61326435,67.44432687,70.03264624,70.90411971,76.61834393,82.63426451,88.21103472,91.35799894,98.97295194,97.37244197,102.9089755,102.8688588,98.42410993,96.1996213,90.94642921,92.92768714,97.09876459,100.150581,100,96.51871868,100.7459808,98.22212162,95.71802944,91.75885597,86.92415095,86.53485371,89.26059178,104.5091279,84.22560506,77.31350893,77.31915204
"Índice nacional de precios productor. Base Julio 2019=100 (SCIAN 2013), Construcción, Materiales, alquiler de maquinaria y remuneraciones, Índice general, Subíndice materiales de construcción, 13. Productos metálicos, Tubos y ductos metálicos",74.84664266,74.86137881,74.97946391,74.5099475,73.78582557,73.65624857,74.15722075,74.04739131,74.00893092,73.76607005,73.34541536,73.02427052,73.6758179,73.87570819,73.64564933,73.33090304,73.04680779,73.20326471,73.10621613,73.41880548,73.37929891,73.43337868,73.47147637,73.50768336,73.95420864,73.62573537,73.58768361,73.87561833,74.10498365,74.21589014,74.3791801,74.81037905,75.26125667,75.14978472,75.22078695,75.59179557,75.85865572,76.31934626,76.51977666,76.4257059,76.75898009,77.6614399,78.79596308,79.09558855,79.31144226,79.72332932,81.38837759,84.02162126,87.62353605,90.80027573,91.64034524,91.90614984,92.00005307,91.75979607,91.6256429,92.04629943,92.21873914,92.10201449,92.60832839,93.1843516,94.3089926,95.20901398,96.00992374,96.96165217,97.52655229,99.27022856,99.80143002,100.3730184,100.0158793,100.2438803,100.2258111,100.0795221,100.2851104,100.2873435,100.6405737,100.7908495,100.4027377,99.61394064,100,100.1913947,100.1058813,100.3717168,100.6815963,100.5419516,100.4669483,100.6926017,100.9801895,102.2058071,103.2402882,103.8900072,105.4545086
"Índice nacional de precios productor. Base Julio 2019=100 (SCIAN 2013), Construcción, Materiales, alquiler de maquinaria y remuneraciones, Índice general, Subíndice materiales de construcción, 13. Productos metálicos, Estructuras metálicas",76.64849412,75.73584454,75.26738323,74.84598973,73.99788425,73.59190264,73.08673198,72.85789847,72.85281044,72.60761322,72.16641869,71.31782806,71.65682677,72.12849122,73.13831175,73.48542535,72.87849137,74.16427874,74.80675432,75.25105357,74.55089226,74.51934085,74.66461031,75.34859848,75.89567303,75.93190876,75.70986671,75.25678652,75.62067896,75.27562694,74.94191877,75.51254754,75.41559486,75.16301758,74.53620595,73.93765619,73.77479881,74.13448168,74.02815697,74.53676228,76.60603264,79.57710362,80.09564661,79.87142121,79.3523227,79.33288122,80.33422109,82.0428373,84.73675209,87.16459001,86.53106858,86.09006508,86.17010885,85.04636056,83.85086058,83.7891327,84.34336476,84.40140561,84.98104028,85.75374478,88.18326388,89.4291562,91.43341641,93.26778231,95.02430281,100.0584192,102.0388794,102.2228034,100.7567606,100.3418397,100.7627177,101.6321723,102.2346698,101.4279982,101.2791597,100.7758763,100.6120724,100.5593323,100,99.61393809,99.0017662,95.98047242,95.36708537,94.96960554,94.76447181,94.09512438,96.01864641,99.81691904,99.90424167,99.33891377,100.3820341
"Índice nacional de precios productor. Base Julio 2019=100 (SCIAN 2013), Construcción, Materiales, alquiler de maquinaria y remuneraciones, Índice general, Subíndice materiales de construcción, 13. Productos metálicos, Láminas metálicas",67.55570382,66.64402901,66.50546007,66.41687156,65.9220429,66.19518487,66.19423151,66.22330479,66.63285999,66.28174222,66.14191141,66.96293692,67.87241736,68.32080754,68.27513397,68.176338,68.21312506,68.61032815,68.72159844,68.20609579,68.3363917,68.14152491,67.94831067,68.22028569,71.03044564,71.47826778,71.65261323,71.45729288,70.96659501,70.59031274,70.70576549,71.53298761,71.91318067,71.74663071,71.44986699,71.82421189,71.66462387,72.60598631,73.01427883,73.07126891,75.01343706,83.04760795,87.67110591,88.82021773,88.32282957,87.61981528,87.81994193,90.21191178,90.53293971,94.4490917,95.72890283,96.4054281,96.94819334,101.3290679,101.0603004,100.4290817,100.4125251,98.48858551,98.13819213,97.70123894,98.0028437,98.87562659,100.4196056,102.0853634,102.9417174,107.7531107,109.1443664,109.2497907,107.6176414,106.6025242,105.7449936,106.6199208,105.7038875,104.5783766,104.1845125,103.0046619,102.7699248,102.2163031,100,100.0466783,98.99829026,98.488197,98.54248195,98.53182035,97.99407763,96.8886049,99.68253142,102.8085237,102.2439021,102.0620416,102.9162906
"Índice nacional de precios productor. Base Julio 2019=100 (SCIAN 2013), Construcción, Materiales, alquiler de maquinaria y remuneraciones, Índice general, Subíndice materiales de construcción, 13. Productos metálicos, Puertas, ventanas y escaleras metálicas",66.58035234,66.58965865,66.66837332,66.76967221,66.83754339,66.90693843,67.10188581,67.25911478,67.34404322,67.55376318,67.57277629,67.68408696,68.2582757,68.5945668,69.65507569,69.71095063,69.74884394,69.80233708,69.9342925,70.04148885,70.45198835,70.43474594,70.81392844,71.32593459,71.84598258,72.12469922,72.29848634,72.71404581,73.07734755,73.04823097,73.00850114,74.79176048,75.4274863,75.46503646,75.54269409,75.80298513,76.28755236,77.07132975,77.22001915,77.64927648,77.97306861,78.80637436,79.36418649,80.33812999,81.18527183,81.38344674,81.9711654,82.23043593,84.40373392,86.16115683,86.42208679,87.0412824,87.19166688,87.37683671,87.27043743,87.34956083,87.76967622,88.15126568,88.26853182,88.53099122,90.26395235,90.49808585,90.73072855,90.88426396,92.26661567,93.35013503,94.54813663,94.75407129,94.59430151,95.3462976,95.89318465,96.11116726,96.38799984,97.03416948,97.12730308,97.5720504,97.73597269,98.07439042,100,100.1771334,100.1855215,100.4946835,100.5449847,100.6378192,100.826345,100.9045317,101.1104582,102.2962699,102.5756582,103.2717144,103.5351133
"Índice nacional de precios productor. Base Julio 2019=100 (SCIAN 2013), Construcción, Materiales, alquiler de maquinaria y remuneraciones, Índice general, Subíndice materiales de construcción, 14. Productos de alambre, Varilla",77.51270644,76.31706733,75.41957741,74.71785274,74.3778493,73.17724936,72.09979836,70.61829984,70.00849123,70.07999395,70.55102562,70.14627303,69.77441927,70.18083919,70.52232663,70.1544753,70.56371258,70.43296446,70.07715193,69.70413155,68.96040368,69.00132774,69.04173495,69.34757168,70.49217399,71.67974775,72.09845168,72.45225931,72.34451287,72.05325324,72.25357923,72.50434414,72.97544674,73.03796775,72.46063799,72.23175097,71.9619979,72.10662099,72.07719576,72.22388109,76.7513378,81.98791885,82.87043829,82.69221216,82.22720169,81.95351744,81.77888755,83.34195136,86.48109668,87.84334303,87.72974963,86.7126148,85.51920357,84.82287093,82.6521167,82.32277064,83.5207756,83.3602872,82.96473536,83.05276723,89.7830676,93.24023443,97.71412423,105.7013438,110.3442833,113.2143935,113.6782659,112.9614728,111.1787346,109.031325,108.2754481,107.4675913,107.5507233,106.5210834,104.7142868,101.9978099,101.7870672,101.2831303,100,98.1850195,96.37916301,93.81404232,91.42303397,90.66432227,90.90700541,94.04647631,95.99247086,99.85780335,100.7253484,99.64929817,98.36859362
"Índice nacional de precios productor. Base Julio 2019=100 (SCIAN 2013), Construcción, Materiales, alquiler de maquinaria y remuneraciones, Índice general, Subíndice materiales de construcción, 14. Productos de alambre, Alambre y alambrón",70.47302708,69.80525883,69.33603004,69.05313871,68.94762955,68.4034961,67.50089143,67.170325,66.90256691,66.67532786,66.6679441,66.55064301,66.89841836,66.64337134,66.78989598,66.69709493,66.5770061,66.46490556,66.44553898,66.59564478,66.38581144,66.20359666,66.31786326,66.31804019,66.38899232,66.1785729,66.49098854,66.70553937,66.96759746,66.9557141,67.03183625,66.92358649,67.05805401,67.09931278,67.1802738,67.50892182,67.6492039,67.59831548,67.35217206,67.58912314,74.66082809,80.99345062,84.01427424,85.93723282,84.6670918,84.67822939,84.56853775,85.63607835,87.35624445,88.74494513,88.48632098,87.35696768,86.28897947,85.55983695,84.68024755,83.5942773,84.45935776,84.62261635,84.19094961,84.43596014,90.3151092,93.92267017,96.51242561,103.34639,106.6398214,109.7608302,111.4818179,112.319905,110.6609775,109.1686627,107.862621,107.682758,106.1566495,105.0905007,104.2670916,103.2582484,102.7235338,101.9518015,100,99.81320904,97.69553617,95.32878973,93.93066724,93.40123266,93.09784936,94.04238988,95.85432591,98.19885608,98.21907841,97.32650155,97.61092359
"Índice nacional de precios productor. Base Julio 2019=100 (SCIAN 2013), Construcción, Materiales, alquiler de maquinaria y remuneraciones, Índice general, Subíndice materiales de construcción, 14. Productos de alambre, Castillos armados",74.39816137,73.94610688,74.40454066,73.90852745,73.58895647,73.07195209,71.1727796,70.20027236,70.7323173,71.31217939,70.57733381,70.02443866,70.25022305,69.79728268,70.0247411,70.27447313,70.11915389,70.16453072,69.99595047,69.87920942,69.61350861,69.32615314,69.32240378,69.39958726,69.56912682,70.24764106,70.97056365,71.31998384,71.15053735,71.11392143,71.18934515,71.55905846,71.54520776,71.72213509,71.76902068,72.21322972,72.55297584,72.9370624,73.13220626,73.29768166,83.64456616,90.71425577,93.25337287,93.81422536,94.04063621,93.57453397,93.17945058,94.9491819,95.62972206,96.77983494,96.95543522,96.93669121,96.51804972,94.98595011,93.69970997,90.53282841,91.71302154,90.92264256,90.9411888,91.24551149,95.79064677,96.40915103,99.59469415,108.3762164,110.348981,112.9858524,115.8778643,115.1066677,113.0951743,111.7011907,111.4158842,110.7323534,109.7814604,108.6560619,107.0492844,103.048814,101.412398,100.042,100,98.82250219,97.67580008,96.15312815,93.66217187,92.92813224,93.13838152,95.43807182,96.33201082,100.6720247,102.1425145,102.2569521,103.2706449
"Índice nacional de precios productor. Base Julio 2019=100 (SCIAN 2013), Construcción, Materiales, alquiler de maquinaria y remuneraciones, Índice general, Subíndice materiales de construcción, 14. Productos de alambre, Malla de acero",68.7220561,68.48674583,68.17866966,68.02947489,67.99111304,67.2517518,66.42650579,66.1872746,66.35907329,66.86197273,66.39884329,66.131841,66.26673602,66.28262499,66.22856418,65.51636074,65.76434918,65.66913005,65.29099345,65.25284364,65.00388186,64.67788071,64.5311968,64.65465874,64.68606291,64.8333916,65.53354659,65.54991588,67.1100425,67.32211955,67.47156914,67.6126158,67.94759686,68.40350283,68.5193062,68.6991652,68.25618755,68.89811846,68.61694965,69.68163694,81.79049007,89.96953606,92.51654801,93.03931924,93.06039262,91.84723245,93.47736923,96.2286946,98.32032307,99.01742185,98.20891974,96.58338865,94.85536164,93.27347085,92.75095862,91.27882636,93.04898975,92.82777248,91.00088841,93.20376609,100.5399266,104.7607525,108.3027312,116.05876,118.9420888,119.912932,119.1353283,117.5525435,115.591424,112.9655128,110.7725098,110.1143505,110.2045297,108.748035,105.5799122,103.9446813,102.9043275,101.4829324,100,97.56312893,96.37625334,93.11680467,92.00668677,91.9478474,91.74379005,94.68042655,97.31640244,99.93367941,100.3281631,102.2931918,102.4109146
"Índice nacional de precios productor. Base Julio 2019=100 (SCIAN 2013), Construcción, Materiales, alquiler de maquinaria y remuneraciones, Índice general, Subíndice materiales de construcción, 15. Equipos eléctricos, Transformadores, generadores y tableros eléctricos",73.45469851,73.70183936,73.62878655,73.53836417,73.34144051,73.5842907,72.98405314,72.42961634,72.57706674,72.38969825,72.40610856,72.40522299,72.67898282,72.82490012,72.41243444,72.57456361,72.71975052,72.72669549,72.78366059,72.7497076,72.66156612,72.96043604,72.74768541,73.17324882,74.23761203,74.55961641,74.48948721,74.62427853,74.76228566,75.29535784,75.86468937,76.53514707,77.30112596,76.98063559,77.43051933,78.14615804,78.63579668,79.08544926,79.5537145,79.61506077,80.17420116,81.12615978,81.31247426,83.19780283,83.75287232,85.49904086,87.34704096,88.87607818,90.49785119,90.2711751,91.92600621,91.44465372,91.22469941,93.36038809,93.63363373,93.19113918,93.65987434,93.99141154,94.16029439,94.18896897,93.76654918,94.78354744,95.17357549,95.53195436,95.86617496,96.51769358,96.82042197,96.90470656,98.1627857,97.8144475,98.52427815,99.35007687,99.34675202,99.65352638,99.3931043,99.2043364,99.08493058,99.33298339,100,100.4299292,100.9866491,101.0584734,101.0519422,101.1150489,101.3290038,101.3823236,102.8799992,106.5419808,105.3497282,105.2254379,106.8660643
"Índice nacional de precios productor. Base Julio 2019=100 (SCIAN 2013), Construcción, Materiales, alquiler de maquinaria y remuneraciones, Índice general, Subíndice materiales de construcción, 15. Equipos eléctricos, Bombas de agua y motores eléctricos",76.02541694,76.38051104,76.50636688,76.73316864,76.97300926,77.27957973,77.16698559,77.3674034,77.79151987,77.84742831,77.921962,77.53070244,77.8932457,78.29513088,78.48071592,78.38079067,78.55936898,79.04669628,79.30957957,79.3547213,79.26768807,79.31518399,79.32703495,79.55915673,79.90382387,80.09989597,80.37393018,81.0072844,80.85333977,80.91899423,81.40495629,81.62748678,81.82777443,81.79128515,82.61815301,82.8818202,83.66155691,84.44162318,84.38182683,85.14797122,85.99000249,86.96799351,87.07586403,86.89835964,87.52567066,87.64307594,88.38927553,89.20673748,89.67741087,90.16740735,90.30835024,89.66324031,89.75033072,91.07897607,90.83405862,91.65275219,91.95893506,92.18101895,91.75178954,92.67361186,93.9336717,95.1239958,95.38470796,95.0463047,95.94138532,96.09546556,94.63427302,95.12737787,96.07360321,97.51034047,96.8302299,96.95087643,97.86120226,97.62078116,98.33198817,98.178242,98.05527197,98.77404387,100,99.97494931,99.88895041,99.67311383,100.2389769,99.94516128,99.77648444,100.3910351,101.3802557,103.6751738,104.8791916,105.6311057,106.7553241
"Índice nacional de precios productor. Base Julio 2019=100 (SCIAN 2013), Construcción, Materiales, alquiler de maquinaria y remuneraciones, Índice general, Subíndice materiales de construcción, 16. Accesorios eléctricos, Cable, alambre y conductores eléctricos",77.34258593,77.64206166,76.87299107,76.04867077,75.01297665,73.96747967,72.9713526,71.97766324,71.9452641,72.22421203,72.44324007,71.79536987,73.2927543,74.07464342,74.06420817,73.74937333,73.1777623,72.73451434,72.60022934,72.25166161,72.06769012,72.09750692,71.5883433,71.46352652,71.84071012,72.64424237,73.20429768,73.3608942,73.64574468,74.61044458,74.95418779,74.80415342,74.60677981,74.21095008,74.14402629,74.01315902,72.74541647,72.0488109,72.42012879,72.41113334,72.76818245,72.63649187,72.88703096,73.02450579,73.08626186,73.55499408,75.28961141,82.20543388,90.09258704,93.04457137,94.50271507,93.96697618,93.17446465,92.25899904,91.04876233,90.80239968,92.39648446,94.93538999,96.90348473,97.64499898,99.20416489,100.3626304,100.7358579,100.9447498,100.674925,102.3913792,105.3218327,104.431813,102.8668787,102.0392397,102.1093109,102.0273436,101.7505485,102.0530579,103.1380781,103.1445471,102.4248718,101.78982,100,99.34671413,99.04280097,99.14623275,98.36961495,97.80852834,98.09418365,97.74220777,98.03507012,100.2790237,100.4324431,100.4149781,102.569924
"Índice nacional de precios productor. Base Julio 2019=100 (SCIAN 2013), Construcción, Materiales, alquiler de maquinaria y remuneraciones, Índice general, Subíndice materiales de construcción, 16. Accesorios eléctricos, Luminarias, focos y tubos de iluminación",88.62449039,88.82718072,89.41001855,89.60530095,89.57508286,89.48324111,88.91120541,88.96005363,88.63769104,87.65181386,88.76370462,88.65981083,88.81854537,89.39889208,90.07875651,90.04304032,89.96610464,89.729699,89.79767841,89.72969264,89.05108888,88.77083031,88.83335254,88.76515733,89.90543408,90.0073488,90.8826858,91.8959785,92.04227293,92.47214288,93.06530852,94.45326349,95.55753118,96.12655731,95.66104544,96.58126128,95.98624452,96.76179791,98.75187404,99.80534695,99.99922287,99.38850486,99.73966042,99.63116333,100.1352693,100.6973832,100.5084393,101.7904237,102.3971603,101.1869684,102.0122074,102.2999871,102.4015066,104.5090483,104.1010966,104.2686674,104.3826668,103.129088,103.0355815,103.3785073,103.0872098,103.9167806,102.7953027,103.5584983,102.8792097,104.1704727,102.9871033,103.104652,103.2679065,103.3019232,102.1190305,102.8580938,103.7662093,103.0890688,103.4248741,99.81535225,100.0001302,99.73557587,100,100.5401138,102.1503683,102.2355794,103.8429109,103.5807029,104.0742595,104.1428648,104.7052347,105.4931614,105.5323619,105.7337087,105.8769174
"Índice nacional de precios productor. Base Julio 2019=100 (SCIAN 2013), Construcción, Materiales, alquiler de maquinaria y remuneraciones, Índice general, Subíndice materiales de construcción, 17. Muebles y accesorios, Muebles y accesorios sanitarios",64.82530996,65.18476531,65.36443927,65.98891418,66.84947691,66.94731729,69.17210556,70.07859218,70.58258771,70.36539285,70.27138371,70.36572743,70.93661115,71.16109783,70.89714899,70.95270074,71.57378973,72.48418989,72.04788126,72.15229698,72.34115261,72.17390237,71.98949745,72.34756569,72.9257194,74.45040104,74.79573923,74.68990258,75.67941592,77.38548202,78.5635634,78.85132208,79.52704499,80.01439407,79.7140026,81.83715846,82.73287517,83.47766026,84.2382726,84.00736742,84.55905648,85.32068058,85.31351735,85.68048862,86.25832426,86.52879919,87.66441179,88.77657247,89.60887628,92.46231744,94.66750371,95.21885254,94.73144687,94.14563153,94.31767291,93.98870706,93.78581237,93.83785214,92.98929935,93.2254048,93.22049034,93.68358078,94.65009478,95.65288589,96.68425552,96.51292817,97.45814074,98.364936,98.72230653,98.96201553,98.69504453,98.57281012,99.16604905,98.324138,98.94642128,98.90229492,98.08073477,99.95037609,100,100.9274244,101.3575455,100.7439481,99.97627808,99.94856331,99.65964681,99.63619992,99.69363058,100.0714226,100.5634148,100.7889705,102.4706266
"Índice nacional de precios productor. Base Julio 2019=100 (SCIAN 2013), Construcción, Materiales, alquiler de maquinaria y remuneraciones, Índice general, Subíndice materiales de construcción, 17. Muebles y accesorios, Muebles y accesorios para cocina",72.55176786,72.36913801,72.76461265,72.67725107,72.9518069,73.42703557,73.29703437,73.88364485,73.79942994,73.89187552,74.06888012,73.25282448,73.5934883,73.64490238,73.57688834,73.92692637,74.18439354,73.88570023,74.03332797,74.15886707,74.22703636,74.17786228,74.09618104,74.3466516,74.49655538,74.68221942,75.5228655,76.25835668,75.99194855,76.80832167,77.01046727,77.2794904,78.09991709,78.42963629,78.21128847,79.4414695,80.56613126,81.96161117,82.94984595,83.6368991,83.67988708,83.9204959,84.77419375,84.8417712,85.03344694,85.25962019,85.434449,85.73335661,89.88238698,91.62078957,92.73548638,93.95414713,93.5782151,94.16026687,94.13887208,94.03362013,94.18041923,93.93468334,93.85650067,93.94670609,94.21883394,95.03674572,94.62712724,96.09756721,94.77661969,96.10284356,98.03029115,99.79375927,99.8794952,99.92268175,99.0498363,99.01769821,99.06797112,99.18692782,99.58415324,100.0057044,99.59077993,99.73585197,100,99.67470448,99.89544747,100.0761282,100.0172053,100.3915667,100.1346444,99.45762363,100.2540802,100.1643723,101.4960346,103.1751374,103.2918694
"Índice nacional de precios productor. Base Julio 2019=100 (SCIAN 2013), Construcción, Materiales, alquiler de maquinaria y remuneraciones, Índice general, Subíndice materiales de construcción, 17. Muebles y accesorios, Calentadores de agua y otros accesorios",70.75155572,70.83201431,71.06131267,71.15657552,71.10336957,71.85892091,70.99458416,70.89474806,70.13258806,69.71378939,69.55460962,69.39778549,69.35668978,69.34744262,69.72683093,69.82241629,69.96028111,70.1380652,70.87957557,70.50293112,70.0116867,70.19925593,69.87897097,68.92890816,70.45095161,71.91708018,72.74802437,72.99126126,73.3091352,73.45443684,73.61855994,73.49007023,73.32061003,73.0895948,73.46154605,73.81343588,73.91950688,75.3145996,76.33406899,76.46500925,77.13149345,78.30487458,79.05344011,80.72785702,81.01228068,81.13350586,81.99846165,82.71650758,83.52887224,86.66735984,88.64052507,89.1079476,89.71397696,89.88818044,89.5376786,91.45891964,91.66037383,91.28518977,89.88286482,90.37259897,90.55566935,91.13697137,92.35223417,93.15227853,93.26306897,93.47591976,92.38146137,93.89882733,96.83662815,99.4246357,97.62154479,97.48363454,97.9591963,97.98042958,100.0344571,100.7390715,100.3962078,100.1176692,100,100.0975226,100.1158188,99.07848822,99.14248287,98.31883803,98.43105442,98.91194411,99.27560039,100.6545268,100.8832983,103.0729989,103.8361241
"Índice nacional de precios productor. Base Julio 2019=100 (SCIAN 2013), Construcción, Materiales, alquiler de maquinaria y remuneraciones, Índice general, Subíndice materiales de construcción, 18. Otros materiales y accesorios, Vidrios",57.05449369,57.48436015,58.03403672,57.37758867,57.3436115,57.18167192,57.3595612,57.35479095,58.08800585,58.21417265,58.06866205,57.97765362,59.55362321,61.59768022,61.52122767,61.29944729,61.20203062,61.47223491,61.99123389,65.84109024,66.48736078,66.63406378,67.71726171,68.87945694,68.89847033,69.54680228,70.71100288,70.71876843,70.85584833,70.91486238,70.82789151,73.64534106,74.52835676,74.3123464,74.18704002,74.39094297,74.35576683,75.22561672,76.93614182,77.06582166,77.06142353,76.77420298,77.26540117,77.56114922,77.4571113,78.1195391,78.99938872,78.77527203,79.36616833,82.15270152,82.85980458,82.78496587,83.31487657,82.89482645,83.73020565,83.85502633,84.88401255,86.04587581,86.7873605,86.73208245,89.31878957,90.53398107,90.7635961,91.9558442,92.08525373,92.06276555,91.62305232,91.6140758,93.09878418,94.18190162,94.67034909,94.66657302,96.38753076,97.22976262,97.26633818,98.94436556,99.46096835,99.45046482,100,100.6370821,100.144753,100.3605481,101.2846299,101.7423369,102.5306051,104.8226135,105.6122627,106.8293732,106.6898399,108.348096,108.8394276
"Índice nacional de precios productor. Base Julio 2019=100 (SCIAN 2013), Construcción, Materiales, alquiler de maquinaria y remuneraciones, Índice general, Subíndice materiales de construcción, 18. Otros materiales y accesorios, Soldadura",68.51955665,68.57479078,68.81734829,68.65554629,68.93035758,69.1579834,69.64237676,69.77825227,70.08216602,70.0235471,70.34051613,70.29604528,70.62439667,70.80364924,71.39313384,71.96652891,71.81435191,71.96332551,71.89713399,71.90506908,71.93613161,71.61735522,72.29693083,72.40018646,72.69411793,73.28658209,73.77716092,74.71546827,75.28608106,75.56010241,75.95538225,75.93644784,76.01095996,75.96557257,76.15849611,76.48478736,76.9181462,77.69592841,77.90137998,78.1991309,80.20081984,80.66713628,80.3429019,80.41389308,80.88093441,81.23564532,82.59812675,83.51365148,83.29808529,84.10302958,85.35421726,86.35424802,86.71356817,88.40710238,88.65621409,88.42059414,88.43356606,89.33722173,89.2022843,89.63492777,91.1976664,92.64757687,94.39857032,94.7257997,94.73741106,95.47926118,96.17120602,96.97758585,97.08233689,97.96694967,98.94426439,98.99157536,99.77879488,99.60724607,99.60645173,100.1924885,100.2971861,99.98998487,100,100.2547979,100.1819888,100.3329388,100.6674029,101.2640263,101.929573,101.8607752,102.9060182,104.056068,103.9092868,104.3758172,104.9001466
"Índice nacional de precios productor. Base Julio 2019=100 (SCIAN 2013), Construcción, Materiales, alquiler de maquinaria y remuneraciones, Índice general, Subíndice materiales de construcción, 18. Otros materiales y accesorios, Otros Materiales para la Construcción",71.49780741,71.36842221,71.37745288,71.55273713,71.23802252,71.42563685,71.19046159,70.88787648,71.12919318,71.17575624,71.33661535,71.20163337,71.3752111,71.66139659,71.47205392,71.45947859,70.8837879,70.95055019,71.20655227,71.72117596,71.68409649,71.65874585,71.73657248,71.76084994,71.87367318,71.94631873,72.21066872,72.65320026,73.16964352,73.2027134,73.33178353,73.51332647,73.60397327,74.01305597,74.18061468,74.53286899,74.80553581,75.84669611,77.00283996,77.12330426,78.14318703,80.85684305,82.29774515,82.4738335,83.23494108,83.49643989,83.95378628,84.74471485,84.32402103,84.4267571,84.50129281,84.69469904,84.60588209,87.95834982,88.50120451,87.47006925,88.36004096,88.28891979,88.26137644,89.30965158,90.88934908,92.76818823,93.43147229,94.51685222,96.60794472,97.57044429,98.35106139,98.4694455,98.45950285,99.64151544,99.92253034,99.26417486,99.85504303,100.6237061,101.0855203,100.5502007,99.91407137,100.1078681,100,99.90803332,100.2262143,100.528083,100.7808801,99.42228848,100.0144521,100.880953,101.1379977,101.0912963,102.2288851,102.8819064,103.7197706
"Índice nacional de precios productor. Base Julio 2019=100 (SCIAN 2013), Construcción, Materiales, alquiler de maquinaria y remuneraciones, Índice general, Subíndice alquiler de maquinaria y equipo",75.08729193,75.24012719,75.0363373,74.66978899,74.86505075,75.73247577,75.62732025,75.84720857,76.18379991,76.1003107,76.20554099,76.16788543,77.35809633,77.94558742,78.02246465,77.79746851,77.84404701,78.1549978,78.36576122,78.92435075,79.30191552,79.57025291,79.1203935,80.08275439,80.54523914,81.10657164,81.569387,81.77192557,82.30335292,82.57824382,83.05560552,83.97192161,84.77167096,84.91130183,85.13996874,85.50794736,86.83615192,87.76813207,87.12590622,87.0856529,88.08995272,89.2357732,89.34993638,89.80337018,90.62310811,90.45294937,91.55394315,92.27123456,94.78481069,94.99083651,94.13557593,93.66459769,93.96210224,93.51730351,93.03031978,92.96418068,93.13167644,94.30709628,94.84018023,95.03724657,95.57697996,95.87723909,96.130157,95.97826341,97.46049835,97.02190319,96.32288003,96.32246727,96.66311146,96.77454724,98.1942086,98.2963512,98.09129922,99.00051263,99.30142958,99.03908864,99.49935269,99.94543645,100,100.9351581,101.196241,100.9958451,100.8051891,100.8667084,100.4213618,100.6734494,104.0243702,106.6577796,106.2340986,104.8370177,105.5019706
"Índice nacional de precios productor. Base Julio 2019=100 (SCIAN 2013), Construcción, Materiales, alquiler de maquinaria y remuneraciones, Índice general, Subíndice de remuneraciones",76.89473938,78.06492064,78.56597097,78.7302921,78.79764834,78.80531785,78.80240358,78.83914231,78.84441319,78.8527701,78.86121999,78.86121999,79.50373335,80.34301212,80.78388025,81.10465225,81.34681304,81.42178811,81.50906552,81.58087994,81.6489873,81.75371054,81.86666468,81.94589385,82.69289111,84.0567962,84.08351363,84.29988988,84.38761372,84.52830286,84.7380331,84.78598272,84.85990088,84.89465986,84.95133163,85.04528862,85.22094578,85.76807966,86.18695641,86.41842155,86.64974085,86.81183297,87.22359142,87.32427951,87.38441183,87.43101236,87.46962937,87.47186186,87.7821878,88.45641898,89.91777042,90.44906208,90.5270276,90.81070787,91.02961973,91.08693381,91.08851298,91.2399387,91.32052002,91.32052002,91.72246996,92.62896649,92.88261665,94.29984064,94.37404991,94.65345705,95.34744154,95.45260339,95.80646459,95.99544307,95.99638963,96.13591831,97.67599042,97.88995301,98.79428408,98.90302477,99.60230546,99.74307777,100,100.6143972,100.6303217,100.742042,100.7420456,100.8055386,101.9448096,103.6744035,103.9006926,104.1335018,104.1833392,104.1833392,104.1839303
